OFFER,RETAILER,BRAND
spend 50 on a fullpriced new club membership,sams club,sams club
beyond meat plantbased products spend 25,,beyond meat
good humor viennetta frozen vanilla cake,,good humor
butterball select varieties spend 10 at dillons food store,dillons food store,butterball
gatorade fast twitch 12ounce 12 pack at amazon storefront,amazon,gatorade
emmys organics cookies or brownie snaps,,emmys pop up
dr pepper regular or zero sugar strawberries and cream 12 pack at select retailers,united supermarkets,dr pepper
arnold brownberry oroweat small slice bread at walmart,walmart,arnold brownberry oroweat
barilla pesto sauce,,barilla
"any general mills products buy 2
good rewards members only",,annies homegrown grocery
egglife egg white wraps at aldi,aldi,egglife
spend 20 at zaxbys,zaxbys,zaxbys
spend 10 at subway,subway,subway
dove chocolate select sizes buy 1,,dove chocolate
hellmanns or best foods garlic aioli or spicy mayonnaise,,hellmanns best foods
mms select sizes buy 1,,mms
gatorlyte or gatorade fit single serve bottle select varieties buy 2,,gatorade
beyond steak plantbased seared tips 10 ounce at target,target,beyond meat
red gold tomato ketchup,,red gold
gillette venus  for pubic hair  skin spend 20,,gillette venus
spend 140 at shaws,shaws,shaws
loréal paris hair color select varieties spend 19 at target,target,loreal paris hair color
simply spiked lemonade 12 pack,,simply spiked
gortons at select retailers,shop rite,gortons
shop 2 times at acme,acme,acme
butterball select varieties spend 10 at ralphs,ralphs,butterball
beyond steak plantbased seared tips 10 ounce buy 2 at heb,heb,beyond meat
butterball select varieties spend 10 at ruler foods,ruler foods,butterball
spend 20 at kfc,kfc,kfc
spend 15 at nekter,nekter juice bar,nekter
order online at zaxbyscom,zaxbys,zaxbys
butterball select varieties spend 10 at king soopers,king soopers,butterball
order from caseys app or caseyscom,caseys general store,caseys general store
truray premium construction paper spend 10,,truray
flonase allergy relief at walmart,walmart,flonase
spend 25 at kfc,kfc,kfc
gortons air fried butterfly shrimp at walmart,walmart,gortons
cesar wet dog food spend 20,,cesar
twix select sizes,,twix
mms chocolate candies select varieties,,mms
hidden valley ranch salad dressing or secret sauce select varieties,,hidden valley ranch
spend 210 at randalls,randalls,randalls
cooked perfect meatballs at walmart,walmart,cooked perfect
spend 25 at caseys,caseys general store,caseys general store
perfect keto barista blend collagen  mcts online at amazon,amazon,perfect keto
creativity street spend 10,,creativity street
crunchmaster crackers spend 4,,crunchmaster
tyson products select varieties spend 20 at sams club,sams club,ball park frank
loréal paris makeup spend 35 at target,target,loreal paris cosmetics
spend 25 at subway,subway,subway
any vons receipt,vons,vons
chosen foods mayo select varieties,,chosen foods
loréal paris men expert hair color spend 19 at walmart,walmart,loreal paris hair color
spend 185 at shaws,shaws,shaws
spend 150 at vons,vons,vons
wine from thebarrelroomcom spend 30,gallocom,alamos
general mills products select brands spend 35,,annies homegrown grocery
pepsico beverage 75ounce 10 pack select varieties at amazon storefront,amazon,pepsi
sara lee bread select varieties buy 2 at walmart,walmart,sara lee
sara lee or alfaros artesano bread buy 5,,alfaros
bai antioxidant 6 pack buy 2 at walmart,walmart,bai
spend 5 instore at caseys,caseys general store,caseys general store
reeses chocolate cones 8 count at giant or martins,martins foods,klondike
spend 25 at fresh thyme market,fresh thyme market,fresh thyme market
any albertsons receipt,albertsons,albertsons
shop 2 times at albertsons,albertsons,albertsons
select beverages and prepared food items at caseys,caseys general store,caseys general store
queen v the vip  the wingwoman soft touch silicone vibrator at walmart,walmart,queen v
back to the roots grow seed starting pots or germination trays at walmart or target,target,back to the roots
dove hand wash select varieties buy 2 at target,target,dove
frutero ice cream 1 pint,,frutero
red gold tomato juice,,red gold
biooil skincare oil or gel select varieties,,bio oil
spend 65 at albertsons,albertsons,albertsons
welchsfruit snacks select varieties buy 2,,welchs fruit snacks
talenti mini bars,,talenti
visit or order online from caseys 7 times,caseys general store,caseys general store
simply spiked signature peach 12pack or larger buy 2,,simply spiked
molson coors select varieties 12 pack,,coors light
welchs zero sugar fruity bites 6 pack online at amazon,amazon,welchs fruit snacks
pepsico variety pack select varieties at amazon storefront,amazon,pepsi
spend 100 at vons,vons,vons
spend 15 at subway,subway,subway
spend 35 at fresh thyme market,fresh thyme,fresh thyme market
sign up for the club card or the club card fullpriced membership new members only,bjs wholesale,bjs wholesale
marinela sweet baked goods buy 2,,marinela
back to the roots soils select varieties and sizes at walmart,walmart,back to the roots
any general mills products spend 60,,annies homegrown
welchs fruit snacks select varieties 6 count buy 3,,welchs fruit snacks
spend 90 at tom thumb,tom thumb,tom thumb
spend 5 on singleserve prepared food items at caseys,caseys general store,caseys general store
coors light miller lite or vizzy 12 pack,,vizzy
cooked perfect meatballs homestyle or turkey at walmart,walmart,cooked perfect
12 pack or 2 liter and whole pizza pie at caseys,caseys general store,caseys general store
general mills products select brands spend 7 at convenience stores,,annies homegrown grocery
gillette venus  for pubic hair  skin,,gillette venus
barilla pasta select varieties buy 2,,barilla
little bites spend 10 at walmart,walmart,entenmanns
envy apples prepacked bags,,envy
shop 2 times at tom thumb,tom thumb,tom thumb
ben  jerrys frozen creme brulee non dairy dessert 16 ounce,,ben and jerrys
purex laundry detergent select varieties at walmart,walmart,purex
whole pizza at caseys,caseys general store,caseys general store
shop 2 times at safeway,safeway,safeway
any general mills products spend 30,,annies homegrown
ben  jerrys doggie desserts 4 count,,ben and jerrys
sol 6 pack,,sol cerveza
georges farmers market chicken wings at sams club,sams club,georges farmers market
michael angelos or raos frozen entrees spend 10,,raos
sargento sliced cheese spend 25,,sargento
sargento sliced cheese spend 12,,sargento
country crock plant based butter at walmart,walmart,country crock plant butter
perfect keto beauty  sleep collagen online at amazon,amazon,perfect keto
dove chocolate select varieties,,dove chocolate
simply spiked 12 pack,,simply spiked
perfect keto bars online at amazon,amazon,perfect keto
alevex at walmart,walmart,aleve
ben  jerrys frozen sugar cookie dough chunks 8 ounce,,ben and jerrys
loréal paris men expert hair color spend 9 at walmart,walmart,loreal paris hair color
reeses peanut butter bar 6 count at giant or martins,the giant co,good humor
magnum nondairy hazelnut crunch ice cream bars 3 count,,magnum ice cream
butterball select varieties spend 10 at fred meyer,fred meyer,butterball
thomas bagel thins buy 2,,thomas
spend 60 at tgi fridays,tgi fridays,tgi fridays
artesano buns buy 2 at walmart,walmart,sara lee artesano
starburst select sizes buy 1,,starburst
fresh step outstretch cat litter,,fresh step
sara lee or alfaros artesano bread spend 8,,alfaros
back to the roots dry plant food 5 pounds at the home depot,the home depot,back to the roots
burts bees sensitive lotions and creams select varieties at walmart,walmart,burts bees
durex massage  play 2 in 1 pleasure gel select varieties at walmart or target,target,durex
coors light miller lite or vizzy 12 packs buy 4,,vizzy
life savers,,lifesavers
butterball select varieties spend 10 at kroger,kroger,butterball
respawn by 5 gum at walmart,walmart,5 gum
back to the roots garden soil 1 cubic foot at lowes home improvement,lowes home improvement,back to the roots
sio beauty patches online at siobeautycom,siobeautycom,sio beauty
wesson oil products,,wesson
bubbies pickles sauerkraut and condiments at whole foods or sprouts,sprouts farmers market,bubbies
michael angelos sauce at walmart,walmart,michael angelos
spend 155 at pavilions,pavilions,pavilions
cesar wet dog food singles,,cesar
spend 90 at acme,acme,acme
hidden valley ranch seasoning mix packet 1 count,,hidden valley ranch
sargento products select varieties,,sargento
welchs fruit snacks 250 count online at amazon,amazon,welchs fruit snacks
ben  jerrys select varieties,,ben and jerrys
simply spiked signature peach 12 pack,,simply spiked
beechnut snacks select varieties,,beechnut
sargento products select varieties buy 3,,sargento
spend 250 at acme,acme,acme
wings or cheesy breadsticks at caseys,caseys general store,caseys general store
butterball select varieties spend 10 at smiths,smiths,butterball
perfect keto collagen peptides online at amazon,amazon,perfect keto
perfect keto mct oil powder online at amazon,amazon,perfect keto
hellmanns or best foods and sargento cheese slices,,hellmanns best foods
brita pitcher and filter,,brita
spend 90 at star market,star market,star market
snickers select sizes buy 1,,snickers
kodiak products select varieties spend 10,,kodiak cakes flapjack  waffle mix
bays english muffins,,bays
super coffee 12 ounce single serve buy 3,,super coffee
sara lee bread select varieties buy 2,walmart,sara lee
goya coconut water,,goya
spend 35 at tgi fridays,tgi fridays,tgi fridays
spend 110 at randalls,randalls food markets,randalls
reeses chocolate cones 8 count at giant or martins,giant food,klondike
whole pizza pie at caseys,caseys general store,caseys general store
shop 2 times at star market,star market,star market
hidden valley ranch seasoning select varieties,,hidden valley ranch
general mills products select varieties spend 12,,annies homegrown grocery
blue apron meal kits,blue apron,blue apron
aleve products select varieties 80 count at walmart,walmart,aleve
welchs juicefuls juicy fruit snacks 14 count at target,target,welchs fruit snacks
welchs fruit snacks select varieties 6 count buy 2,,welchs fruit snacks
sign up for mcalisters deli rewards tap for details,mcalisters deli,mcalisters deli
arbos cheese dip 12 ounce buy at central market,central market,arbos
loréal paris excellence hair color at target,target,loreal paris hair color
kradle select varieties spend 20 at walmart,walmart,kradle
frozen or fountain drink at caseys,caseys general store,caseys general store
arnold brownberry oroweat keto bread buy 2,,arnold brownberry oroweat
shop 2 times at shaws,shaws,shaws
welchsfruit snacks spend 8,,welchs fruit snacks
childrens astepro allergy 22 count at dollar general,dollar general store,astepro
spend 10 instore at caseys,caseys general store,caseys general store
fresh bakery item select varieties at caseys,caseys general store,caseys general store
snickers chocolate candy bar select varieties,,snickers
raos frozen pizza,,raos
gatorade fast twitch 12ounce single serve buy 2 at kroger,fred meyer,gatorade
bimbo sweet baked goods buy 2,,bimbo
any shaws receipt,shaws,shaws
gortons at select retailers,stop  shop,gortons
butterball select varieties spend 10 at food 4 less,food4less,butterball
natuchips plantain chips,,natuchips
beechnut pouches buy 8,,beechnut
spend 45 at zaxbys,zaxbys,zaxbys
back to the roots raised bed gardening kit with soil seeds and plant food at target,target,back to the roots
ben  jerrys select varieties spend 12,,ben and jerrys
any acme receipt,acme,acme
spend 220 at tom thumb,tom thumb,tom thumb
promised land dairy milk 52ounce,,promised land dairy
welchs fruit n yogurt snacks 18 count at walmart,walmart,welchs fruit snacks
hidden valley ranch seasoning shaker,,hidden valley ranch
core hydration select varieties at walmart,walmart,core hydration
when you join costco as a gold star member new members only,costco,costco
spend 40 at farmer boys,farmer boys,farmer boys
colgate toothpaste and colgate toothbrush select varieties at walmart or target,target,colgate toothbrushes
loréal paris hair color select varieties spend 25 at target,target,loreal paris hair color
twix select varieties,,twix
spend 15 at kfc,kfc,kfc
spend 275 at vons,vons,vons
extra select varieties,,extra
ben  jerrys doggie desserts 4 ounce buy 2,,ben and jerrys
klondike cones spend 10 at walmart ,walmart,klondike
reeses peanut butter bar 6 count at giant or martins,martins foods,good humor
beyond steak plantbased seared tips 10 ounce at heb,heb,beyond meat
kradle select products online at chewycom,chewy,kradle
spend 120 at star market,star market,star market
shop 2 times at vons,vons,vons
wonderworks keto friendly cereal,,wonderworks
mtn dew kickstart 16ounce 12 count select varieties at amazon storefront,amazon,mountain dew
when you join costco as an executive member new members only,costco,costco
adult astepro allergy 22 count at dollar general,dollar general store,astepro
shop 2 times at pavilions,pavilions,pavilions
skittles select varieties,,skittles
stubborn soda or bundaberg ginger beer select varieties at amazon storefront,amazon,stubborn soda
ballpark buns buy 2,,ball park pop ups
12 pack or 2 liter and whole pizza at caseys,caseys general store,caseys general store
spend 220 at star market,star market,star market
frozen or fountain drink at caseys ,caseys general store,caseys general store
spend 45 at tgi fridays,tgi fridays,tgi fridays
visit or order online from caseys 3 times,caseys general store,caseys general store
spend 210 at randalls,randalls food markets,randalls
visit or order online from caseys 5 times,caseys general store,caseys general store
any tom thumb receipt,tom thumb,tom thumb
butterball select varieties spend 10 at frys food store,frys food store,butterball
orbit select sizes buy 1,,orbit
molson coors select varieties 12 pack buy 2,,topo chico hard seltzer
thomas select varieties spend 10,,thomas
beyond steak plantbased seared tips 10 ounce buy 2 at target,target,beyond meat
whole pizza at caseys ,caseys general store,caseys general store
extra select sizes,,extra
brita standard or elite filters,,brita
spend 300 at shaws,shaws,shaws
spend 50 at fresh thyme market,fresh thyme market,fresh thyme market
starry lemon lime soda multipacks at kroger,dillons grocery,starry
barilla pasta select varieties buy 3,,barilla
fresh bakery products at caseys select varieties,caseys general store,caseys general store
coors light miller lite or vizzy 12 packs buy 2,,vizzy
kradle select varieties online at amazon,amazon,kradle
starry lemon lime soda 75ounce 10 pack at amazon storefront,amazon,starry
evolve plantbased protein shake 4 count select varieties at whole foods,whole foods market,evolve
burts bees facial wipes select varieties 30 count at walmart,walmart,burts bees
aleve products and alevex select varieties at walmart,walmart,aleve
beyond meat plantbased products spend 15,,beyond meat
goya adobo seasoning 8 ounce,,goya
tyson products select varieties spend 15 at walmart,walmart,aidells
spend 210 at safeway,safeway,safeway
klondike cones at walmart ,walmart,klondike
spend 110 at albertsons,albertsons,albertsons
bubbies pickles sauerkraut or condiments at whole foods or sprouts,sprouts farmers market,bubbies
sara lee or alfaros artesano bread buy 2,,alfaros
beyond meat plantbased products spend 20,,beyond meat
spend 10 on caseys branded packaged products,caseys general store,caseys general store
any randalls receipt,randalls food markets,randalls
arber at target,target,arber
häagendazs 28 ounce at grocery stores,,haagen dazs
spend 130 at acme,acme,acme
spend 110 on a fullpriced new plus membership and receive an additional 10000 points,sams club,sams club
butterball select varieties spend 10 at qfc,qfc,butterball
spend 100 at pavilions,pavilions,pavilions
glad trash bags 4 or 8 gallon,,glad
tostitos toppers,,tostitos
ratio keto friendly cereal or granola,,ratio
burts bees products select varieties at walmart,walmart,burts bees
biooil products select varieties,,bio oil
andré california champagne or sparkling wines 750ml bottle,,andre
spend 20 at farmer boys,farmer boys,farmer boys
any general mills products spend 50,,annies homegrown
chosen foods dressings,,chosen foods
spend 30 at dickeys barbecue pit,dickeys barbecue pit,dickeys barbecue pit
degree for men or women dry spray,,degree
coors light miller lite or vizzy 12 packs buy 3,,vizzy
back to the roots microgreens grow kit or seed refill at walmart,walmart,back to the roots
spend 40 at kfc,kfc,kfc
bai antioxidant 6 pack at walmart,walmart,bai
spend 20 at dickeys barbecue pit,dickeys barbecue pit,dickeys barbecue pit
spend 25 at tgi fridays,tgi fridays,tgi fridays
loréal paris hair color select varieties spend 9 at target,target,loreal paris hair color
sargento sliced cheese spend 18,,sargento
skittles select sizes,,skittles
lifesavers any size buy 1,,lifesavers
loréal paris makeup spend 30 at target,target,loreal paris cosmetics
spend 115 at tom thumb,tom thumb,tom thumb
any randalls receipt,randalls,randalls
spend 75 at randalls,randalls,randalls
shop 2 times at randalls,randalls food markets,randalls
gatorade fast twitch 12ounce single serve,,gatorade
spend 10 at nekter,nekter juice bar,nekter
brownie brittle snacks select varieties buy 2,,brownie brittle
cheerios oat crunch berry cereal,,cheerios
glad forceflex max strength trash bags,,glad
gatorade fast twitch 12ounce single serve at kroger,dillons grocery,gatorade
spend 10 at cvs,cvs,cvs
oxiclean laundry stain removers select varieties at walmart,walmart,oxiclean
country crock plant based cream at walmart,walmart,country crock plant butter
2 pack or 2 liter and whole pizza at caseys,caseys general store,caseys general store
arnold grains almighty,,arnold brownberry oroweat
snuggle liquid fabric softener at walmart,walmart,snuggle
hidden valley ranch night seasoning mix 1 count,,hidden valley ranch
kradle select varieties at pet supplies plus,pet supplies plus,kradle
back to the roots soils select varieties and sizes at lowes,lowes home improvement,back to the roots
butterball select varieties spend 10 at marianos,marianos,butterball
core hydration select varieties buy 2 at walmart,walmart,core hydration
spend 40 at dickeys barbecue pit,dickeys barbecue pit,dickeys barbecue pit
general mills snacks select brands spend 10,,bugles
back to the roots soils select varieties at walmart or lowes,lowes home improvement,back to the roots
barilla pasta select varieties buy 4,,barilla
gatorlyte or gatorade fit single serve bottle select varieties,,gatorade
arber at walmart,walmart,arber
coors light miller lite or vizzy 12 packs buy 5,,vizzy
any pavilions receipt,pavilions,pavilions
back to the roots grow kits at walmart or the home depot,walmart,back to the roots
any safeway receipt,safeway,safeway
welchs fruit snacks select varieties 6 count,,welchs fruit snacks
back to the roots grow hydroponic grow kit or refill bundle at walmart,walmart,back to the roots
ben  jerrys wake  no bake cookie dough ice cream 16 ounce,,ben and jerrys
orbit select varieties,,orbit
gatorade fast twitch 12ounce single serve buy 2 at kroger,food4less,gatorade
butterball select varieties spend 10 at pick n save or metro market,pick n save,butterball
hellmanns  best foods vegan dressing or spread,,hellmanns best foods
raos pasta or sauce spend 10,,raos
loreal paris true match foundation at target,target,loreal paris cosmetics
sara lee or alfaros artesano bread spend 20,,alfaros
spend 220 at albertsons,albertsons,albertsons
perfect keto super reds online at amazon,amazon,perfect keto
the rustik oven bread,,rustik oven
gortons at select retailers,walmart,gortons
back to the roots seeds at walmart,walmart,back to the roots
nature valley protein granola,,nature valley
brita pitcher or dispenser,,brita
spend 30 at cvs,cvs,cvs
back to the roots organic kits and planters at target,target,back to the roots
sir kensingtons condiments buy 2,,sir kensingtons
perfect keto exogenous ketones powder online at amazon,amazon,perfect keto
select beverages and prepared food item at caseys,caseys general store,caseys general store
back to the roots potting mix 1 cubic foot at lowes home improvement,lowes home improvement,back to the roots
any star market receipt,star market,star market
squirrel the bedside perch online at amazon,amazon,squirrel
fresh bakery items select varieties at caseys,caseys general store,caseys general store
ben  jerrys churray for churros ice cream,,ben and jerrys
sir kensingtons condiments,,sir kensingtons
dove hand wash select varieties at target,target,dove
spend 15 at burger king,burger king,burger king
camerons coffee ecopods,,camerons coffee
loréal paris true match foundation at target,target,loreal paris cosmetics
sara lee delightful bread buy 2,,sara lee
welchs juicefuls juicy fruit snacks buy 2,,welchs fruit snacks
spend 35 at subway,subway,subway
dixon safety carpenter pencil 10 count at lowes,lowes home improvement,dixon
spend 115 at safeway,safeway,safeway
breyers reeses ice cream select varieties at giant or martins,martins foods,breyers
shop 2 times at randalls,randalls,randalls
jack links select varieties,,jack links
persil proclean select varieties at walmart,walmart,persil
back to the roots organic 3in1 seed starting mix 12 quart at walmart or target,target,back to the roots
starburst select varieties,,starburst
super coffee 12 ounce single serve,,super coffee
spend 90 at safeway,safeway,safeway
spend 5 on brisket mac  cheese sandwich or other singleserve prepared food item,caseys general store,caseys general store
spend 50 at chewycom,chewy,chewy
simply organic seasoning mixes or spices,,simply organic
spend 10 at kfc,kfc,kfc
sargento product,,sargento
thomas bagel thins,,thomas
spend 270 at pavilions,pavilions,pavilions
back to the roots soils select varieties at walmart,walmart,back to the roots
